{"cameraMode":{"drawMode":0,"name":"Shaded","section":"Shading Mode"},"sceneLighting":false,"audioPlay":false,"sceneViewState":{"showFog":true,"showMaterialUpdate":false,"showSkybox":false,"showFlares":true,"showImageEffects":true,"showParticleSystems":true,"showVisualEffectGraphs":true,"m_FxEnabled":true},"in2DMode":false,"pivot":{"x":187.58999633789063,"y":1.1854854822158814,"z":740.4000244140625},"rotation":{"x":0.08456197381019592,"y":0.6860124468803406,"z":-0.08085210621356964,"w":0.7176616787910461},"size":0.21650634706020356,"orthographic":false}