{"cameraMode":{"drawMode":0,"name":"Shaded","section":"Shading Mode"},"sceneLighting":false,"audioPlay":false,"sceneViewState":{"showFog":true,"showMaterialUpdate":false,"showSkybox":true,"showFlares":true,"showImageEffects":true,"showParticleSystems":true,"showVisualEffectGraphs":true,"m_FxEnabled":true},"in2DMode":false,"pivot":{"x":832.129638671875,"y":21.223377227783204,"z":665.7235107421875},"rotation":{"x":0.019861677661538125,"y":-0.9805731773376465,"z":0.09863734990358353,"w":0.16433723270893098},"size":3.1655423641204836,"orthographic":false}